INSERT INTO t_sys_dictionary (ID,INSERT_TIME,USING_STATUS,COMP_ID,LOCALE,CATEGORY_CODE,DICT_CODE,DICT_NAME,SORT_ID) VALUES
-- 职位
 ('20180101000000000_t_sys_dictionary_JOB_TITLE_alibaba_00000000001','20180101000000000','USING','20180101000000000_t_sys_comp_000000000000000000000000000_alibaba','zh_CN','JOB_TITLE','ZJL','总经理',1)
,('20180101000000000_t_sys_dictionary_JOB_TITLE_alibaba_00000000002','20180101000000000','USING','20180101000000000_t_sys_comp_000000000000000000000000000_alibaba','zh_CN','JOB_TITLE','FZJL','副总经理',2)
,('20180101000000000_t_sys_dictionary_JOB_TITLE_alibaba_00000000003','20180101000000000','USING','20180101000000000_t_sys_comp_000000000000000000000000000_alibaba','zh_CN','JOB_TITLE','CWJL','财务经理',3)
,('20180101000000000_t_sys_dictionary_JOB_TITLE_alibaba_00000000004','20180101000000000','USING','20180101000000000_t_sys_comp_000000000000000000000000000_alibaba','zh_CN','JOB_TITLE','CWZY','财务专员',4)
,('20180101000000000_t_sys_dictionary_JOB_TITLE_alibaba_00000000005','20180101000000000','USING','20180101000000000_t_sys_comp_000000000000000000000000000_alibaba','zh_CN','JOB_TITLE','RSJL','人事经理',5)
,('20180101000000000_t_sys_dictionary_JOB_TITLE_alibaba_00000000006','20180101000000000','USING','20180101000000000_t_sys_comp_000000000000000000000000000_alibaba','zh_CN','JOB_TITLE','RSZY','人事专员',6)
,('20180101000000000_t_sys_dictionary_JOB_TITLE_alibaba_00000000007','20180101000000000','USING','20180101000000000_t_sys_comp_000000000000000000000000000_alibaba','zh_CN','JOB_TITLE','XZJL','行政经理',7)
,('20180101000000000_t_sys_dictionary_JOB_TITLE_alibaba_00000000008','20180101000000000','USING','20180101000000000_t_sys_comp_000000000000000000000000000_alibaba','zh_CN','JOB_TITLE','XZZY','行政专员',8)
,('20180101000000000_t_sys_dictionary_JOB_TITLE_alibaba_00000000009','20180101000000000','USING','20180101000000000_t_sys_comp_000000000000000000000000000_alibaba','zh_CN','JOB_TITLE','SCJL','生产经理',9)
,('20180101000000000_t_sys_dictionary_JOB_TITLE_alibaba_00000000010','20180101000000000','USING','20180101000000000_t_sys_comp_000000000000000000000000000_alibaba','zh_CN','JOB_TITLE','SCFJL','生产副经理',10)
,('20180101000000000_t_sys_dictionary_JOB_TITLE_alibaba_00000000011','20180101000000000','USING','20180101000000000_t_sys_comp_000000000000000000000000000_alibaba','zh_CN','JOB_TITLE','YFY','研发员',11)
,('20180101000000000_t_sys_dictionary_JOB_TITLE_alibaba_00000000012','20180101000000000','USING','20180101000000000_t_sys_comp_000000000000000000000000000_alibaba','zh_CN','JOB_TITLE','SCJHY','生产计划员',12)
,('20180101000000000_t_sys_dictionary_JOB_TITLE_alibaba_00000000013','20180101000000000','USING','20180101000000000_t_sys_comp_000000000000000000000000000_alibaba','zh_CN','JOB_TITLE','SBZZY','设备制造员',13)
,('20180101000000000_t_sys_dictionary_JOB_TITLE_alibaba_00000000014','20180101000000000','USING','20180101000000000_t_sys_comp_000000000000000000000000000_alibaba','zh_CN','JOB_TITLE','SBGLY','设备管理员',14)
,('20180101000000000_t_sys_dictionary_JOB_TITLE_alibaba_00000000015','20180101000000000','USING','20180101000000000_t_sys_comp_000000000000000000000000000_alibaba','zh_CN','JOB_TITLE','GCAZY','工程安装员',15)
,('20180101000000000_t_sys_dictionary_JOB_TITLE_alibaba_00000000016','20180101000000000','USING','20180101000000000_t_sys_comp_000000000000000000000000000_alibaba','zh_CN','JOB_TITLE','ZLGLY','质量管理员',16)
,('20180101000000000_t_sys_dictionary_JOB_TITLE_alibaba_00000000017','20180101000000000','USING','20180101000000000_t_sys_comp_000000000000000000000000000_alibaba','zh_CN','JOB_TITLE','GCKZY','过程控制员',17)
,('20180101000000000_t_sys_dictionary_JOB_TITLE_alibaba_00000000018','20180101000000000','USING','20180101000000000_t_sys_comp_000000000000000000000000000_alibaba','zh_CN','JOB_TITLE','CGY','采购员',18)
,('20180101000000000_t_sys_dictionary_JOB_TITLE_alibaba_00000000019','20180101000000000','USING','20180101000000000_t_sys_comp_000000000000000000000000000_alibaba','zh_CN','JOB_TITLE','CKGLY','仓库管理员',19)
,('20180101000000000_t_sys_dictionary_JOB_TITLE_alibaba_00000000020','20180101000000000','USING','20180101000000000_t_sys_comp_000000000000000000000000000_alibaba','zh_CN','JOB_TITLE','BA','保安',20)
,('20180101000000000_t_sys_dictionary_JOB_TITLE_alibaba_00000000021','20180101000000000','USING','20180101000000000_t_sys_comp_000000000000000000000000000_alibaba','zh_CN','JOB_TITLE','SQKFZY','售前客服专员',21)
,('20180101000000000_t_sys_dictionary_JOB_TITLE_alibaba_00000000022','20180101000000000','USING','20180101000000000_t_sys_comp_000000000000000000000000000_alibaba','zh_CN','JOB_TITLE','SHKFZY','售后客服专员',22)
,('20180101000000000_t_sys_dictionary_JOB_TITLE_alibaba_00000000023','20180101000000000','USING','20180101000000000_t_sys_comp_000000000000000000000000000_alibaba','zh_CN','JOB_TITLE','XSZJ','销售总监',23)
,('20180101000000000_t_sys_dictionary_JOB_TITLE_alibaba_00000000024','20180101000000000','USING','20180101000000000_t_sys_comp_000000000000000000000000000_alibaba','zh_CN','JOB_TITLE','XSJL','销售经理',24)
,('20180101000000000_t_sys_dictionary_JOB_TITLE_alibaba_00000000025','20180101000000000','USING','20180101000000000_t_sys_comp_000000000000000000000000000_alibaba','zh_CN','JOB_TITLE','XSZY','销售专员',25)
,('20180101000000000_t_sys_dictionary_JOB_TITLE_alibaba_00000000026','20180101000000000','USING','20180101000000000_t_sys_comp_000000000000000000000000000_alibaba','zh_CN','JOB_TITLE','XCY','宣传员',26)
,('20180101000000000_t_sys_dictionary_JOB_TITLE_alibaba_00000000027','20180101000000000','USING','20180101000000000_t_sys_comp_000000000000000000000000000_alibaba','zh_CN','JOB_TITLE','JSY','技术员',27)
,('20180101000000000_t_sys_dictionary_JOB_TITLE_alibaba_00000000028','20180101000000000','USING','20180101000000000_t_sys_comp_000000000000000000000000000_alibaba','zh_CN','JOB_TITLE','CPJL','产品经理',28)
,('20180101000000000_t_sys_dictionary_JOB_TITLE_alibaba_00000000029','20180101000000000','USING','20180101000000000_t_sys_comp_000000000000000000000000000_alibaba','zh_CN','JOB_TITLE','CPZY','产品专员',29)
,('20180101000000000_t_sys_dictionary_JOB_TITLE_alibaba_00000000030','20180101000000000','USING','20180101000000000_t_sys_comp_000000000000000000000000000_alibaba','zh_CN','JOB_TITLE','IOS','IOS工程师',30)
,('20180101000000000_t_sys_dictionary_JOB_TITLE_alibaba_00000000031','20180101000000000','USING','20180101000000000_t_sys_comp_000000000000000000000000000_alibaba','zh_CN','JOB_TITLE','ANDROID','ANDROID工程师',31)
,('20180101000000000_t_sys_dictionary_JOB_TITLE_alibaba_00000000032','20180101000000000','USING','20180101000000000_t_sys_comp_000000000000000000000000000_alibaba','zh_CN','JOB_TITLE','WEB','页面工程师',32)
,('20180101000000000_t_sys_dictionary_JOB_TITLE_alibaba_00000000033','20180101000000000','USING','20180101000000000_t_sys_comp_000000000000000000000000000_alibaba','zh_CN','JOB_TITLE','JAVA','JAVA工程师',33)
,('20180101000000000_t_sys_dictionary_JOB_TITLE_alibaba_00000000034','20180101000000000','USING','20180101000000000_t_sys_comp_000000000000000000000000000_alibaba','zh_CN','JOB_TITLE','UI','UI工程师',34)
,('20180101000000000_t_sys_dictionary_JOB_TITLE_alibaba_00000000035','20180101000000000','USING','20180101000000000_t_sys_comp_000000000000000000000000000_alibaba','zh_CN','JOB_TITLE','CSGCS','测试工程师',35)
,('20180101000000000_t_sys_dictionary_JOB_TITLE_alibaba_00000000036','20180101000000000','USING','20180101000000000_t_sys_comp_000000000000000000000000000_alibaba','zh_CN','JOB_TITLE','SSGCS','实施工程师',36)

ON DUPLICATE KEY UPDATE 
INSERT_TIME=VALUES(INSERT_TIME),USING_STATUS=VALUES(USING_STATUS),COMP_ID=VALUES(COMP_ID),LOCALE=VALUES(LOCALE),CATEGORY_CODE=VALUES(CATEGORY_CODE),DICT_CODE=VALUES(DICT_CODE),DICT_NAME=VALUES(DICT_NAME),SORT_ID=VALUES(SORT_ID)
;


-- ALIBABA
DELETE FROM t_sys_employee_dept WHERE DEPT_ID IN (SELECT ID FROM t_sys_dept WHERE COMP_ID = '20180101000000000_t_sys_comp_000000000000000000000000000_alibaba');
DELETE FROM t_sys_employee WHERE COMP_ID = '20180101000000000_t_sys_comp_000000000000000000000000000_alibaba';
DELETE FROM t_sys_dept WHERE COMP_ID = '20180101000000000_t_sys_comp_000000000000000000000000000_alibaba';

-- ALIBABA
INSERT INTO t_sys_dept (ID,INSERT_TIME,USING_STATUS,COMP_ID,PARENT_CODE,DEPT_CODE,DEPT_NAME,DESCRIPTION,FULL_NAME) VALUES 
 ('20180101000000000_t_sys_dept_alibaba_000000000000000000000000001','20180101000000000','USING','20180101000000000_t_sys_comp_000000000000000000000000000_alibaba','ROOT'                                                            ,'A0000001B0000000C0000000D0000000E0000000F0000000G0000000H0000000','总经办','总经办','总经办')
,('20180101000000000_t_sys_dept_alibaba_000000000000000000000000002','20180101000000000','USING','20180101000000000_t_sys_comp_000000000000000000000000000_alibaba','ROOT'                                                            ,'A0000002B0000000C0000000D0000000E0000000F0000000G0000000H0000000','财务部','财务部','财务部')
,('20180101000000000_t_sys_dept_alibaba_000000000000000000000000003','20180101000000000','USING','20180101000000000_t_sys_comp_000000000000000000000000000_alibaba','ROOT'                                                            ,'A0000003B0000000C0000000D0000000E0000000F0000000G0000000H0000000','人事部','人事部','人事部')
,('20180101000000000_t_sys_dept_alibaba_000000000000000000000000004','20180101000000000','USING','20180101000000000_t_sys_comp_000000000000000000000000000_alibaba','ROOT'                                                            ,'A0000004B0000000C0000000D0000000E0000000F0000000G0000000H0000000','行政部','行政部','行政部')
,('20180101000000000_t_sys_dept_alibaba_000000000000000000000000005','20180101000000000','USING','20180101000000000_t_sys_comp_000000000000000000000000000_alibaba','A0000004B0000000C0000000D0000000E0000000F0000000G0000000H0000000','A0000004B0000001C0000000D0000000E0000000F0000000G0000000H0000000','企业规划部','企业规划部','行政部 -> 企业规划部')
,('20180101000000000_t_sys_dept_alibaba_000000000000000000000000006','20180101000000000','USING','20180101000000000_t_sys_comp_000000000000000000000000000_alibaba','A0000004B0000000C0000000D0000000E0000000F0000000G0000000H0000000','A0000004B0000002C0000000D0000000E0000000F0000000G0000000H0000000','文化推广','文化推广','行政部 -> 文化推广')
,('20180101000000000_t_sys_dept_alibaba_000000000000000000000000007','20180101000000000','USING','20180101000000000_t_sys_comp_000000000000000000000000000_alibaba','A0000004B0000000C0000000D0000000E0000000F0000000G0000000H0000000','A0000004B0000003C0000000D0000000E0000000F0000000G0000000H0000000','后勤保卫部','后勤保卫部','行政部 -> 后勤保卫部')
,('20180101000000000_t_sys_dept_alibaba_000000000000000000000000008','20180101000000000','USING','20180101000000000_t_sys_comp_000000000000000000000000000_alibaba','A0000004B0000000C0000000D0000000E0000000F0000000G0000000H0000000','A0000004B0000004C0000000D0000000E0000000F0000000G0000000H0000000','采购部','采购部','行政部 -> 采购部')
,('20180101000000000_t_sys_dept_alibaba_000000000000000000000000009','20180101000000000','USING','20180101000000000_t_sys_comp_000000000000000000000000000_alibaba','A0000004B0000000C0000000D0000000E0000000F0000000G0000000H0000000','A0000004B0000005C0000000D0000000E0000000F0000000G0000000H0000000','仓库','仓库','行政部 -> 仓库')
,('20180101000000000_t_sys_dept_alibaba_000000000000000000000000010','20180101000000000','USING','20180101000000000_t_sys_comp_000000000000000000000000000_alibaba','ROOT'                                                            ,'A0000005B0000000C0000000D0000000E0000000F0000000G0000000H0000000','生产部','生产部','生产部')
,('20180101000000000_t_sys_dept_alibaba_000000000000000000000000011','20180101000000000','USING','20180101000000000_t_sys_comp_000000000000000000000000000_alibaba','A0000005B0000000C0000000D0000000E0000000F0000000G0000000H0000000','A0000005B0000001C0000000D0000000E0000000F0000000G0000000H0000000','研发部','研发部','生产部 -> 研发部')
,('20180101000000000_t_sys_dept_alibaba_000000000000000000000000012','20180101000000000','USING','20180101000000000_t_sys_comp_000000000000000000000000000_alibaba','A0000005B0000000C0000000D0000000E0000000F0000000G0000000H0000000','A0000005B0000002C0000000D0000000E0000000F0000000G0000000H0000000','生产计划部','生产计划部','生产部 -> 生产计划部')
,('20180101000000000_t_sys_dept_alibaba_000000000000000000000000013','20180101000000000','USING','20180101000000000_t_sys_comp_000000000000000000000000000_alibaba','A0000005B0000000C0000000D0000000E0000000F0000000G0000000H0000000','A0000005B0000003C0000000D0000000E0000000F0000000G0000000H0000000','设备制造部','设备制造部','生产部 -> 设备制造部')
,('20180101000000000_t_sys_dept_alibaba_000000000000000000000000014','20180101000000000','USING','20180101000000000_t_sys_comp_000000000000000000000000000_alibaba','A0000005B0000000C0000000D0000000E0000000F0000000G0000000H0000000','A0000005B0000004C0000000D0000000E0000000F0000000G0000000H0000000','设备管理部','设备管理部','生产部 -> 设备管理部')
,('20180101000000000_t_sys_dept_alibaba_000000000000000000000000015','20180101000000000','USING','20180101000000000_t_sys_comp_000000000000000000000000000_alibaba','A0000005B0000000C0000000D0000000E0000000F0000000G0000000H0000000','A0000005B0000005C0000000D0000000E0000000F0000000G0000000H0000000','工程安装部','工程安装部','生产部 -> 工程安装部')
,('20180101000000000_t_sys_dept_alibaba_000000000000000000000000016','20180101000000000','USING','20180101000000000_t_sys_comp_000000000000000000000000000_alibaba','A0000005B0000000C0000000D0000000E0000000F0000000G0000000H0000000','A0000005B0000006C0000000D0000000E0000000F0000000G0000000H0000000','质量管理部','质量管理部','生产部 -> 质量管理部')
,('20180101000000000_t_sys_dept_alibaba_000000000000000000000000017','20180101000000000','USING','20180101000000000_t_sys_comp_000000000000000000000000000_alibaba','A0000005B0000000C0000000D0000000E0000000F0000000G0000000H0000000','A0000005B0000007C0000000D0000000E0000000F0000000G0000000H0000000','过程控制部','过程控制部','生产部 -> 过程控制部')
,('20180101000000000_t_sys_dept_alibaba_000000000000000000000000018','20180101000000000','USING','20180101000000000_t_sys_comp_000000000000000000000000000_alibaba','ROOT'                                                            ,'A0000006B0000000C0000000D0000000E0000000F0000000G0000000H0000000','营销部','营销部','营销部')
,('20180101000000000_t_sys_dept_alibaba_000000000000000000000000019','20180101000000000','USING','20180101000000000_t_sys_comp_000000000000000000000000000_alibaba','A0000006B0000000C0000000D0000000E0000000F0000000G0000000H0000000','A0000006B0000001C0000000D0000000E0000000F0000000G0000000H0000000','售前部','售前部','营销部 -> 售前部')
,('20180101000000000_t_sys_dept_alibaba_000000000000000000000000020','20180101000000000','USING','20180101000000000_t_sys_comp_000000000000000000000000000_alibaba','A0000006B0000000C0000000D0000000E0000000F0000000G0000000H0000000','A0000006B0000002C0000000D0000000E0000000F0000000G0000000H0000000','售后部','售后部','营销部 -> 售后部')
,('20180101000000000_t_sys_dept_alibaba_000000000000000000000000021','20180101000000000','USING','20180101000000000_t_sys_comp_000000000000000000000000000_alibaba','A0000006B0000000C0000000D0000000E0000000F0000000G0000000H0000000','A0000006B0000003C0000000D0000000E0000000F0000000G0000000H0000000','销售部','销售部','营销部 -> 销售部')
,('20180101000000000_t_sys_dept_alibaba_000000000000000000000000022','20180101000000000','USING','20180101000000000_t_sys_comp_000000000000000000000000000_alibaba','A0000006B0000000C0000000D0000000E0000000F0000000G0000000H0000000','A0000006B0000004C0000000D0000000E0000000F0000000G0000000H0000000','宣传部','宣传部','营销部 -> 宣传部')
,('20180101000000000_t_sys_dept_alibaba_000000000000000000000000023','20180101000000000','USING','20180101000000000_t_sys_comp_000000000000000000000000000_alibaba','ROOT'                                                            ,'A0000007B0000000C0000000D0000000E0000000F0000000G0000000H0000000','信息技术部','信息技术部','信息技术部')
,('20180101000000000_t_sys_dept_alibaba_000000000000000000000000024','20180101000000000','USING','20180101000000000_t_sys_comp_000000000000000000000000000_alibaba','ROOT'                                                            ,'A0000008B0000000C0000000D0000000E0000000F0000000G0000000H0000000','研发中心','研发中心','研发中心')
,('20180101000000000_t_sys_dept_alibaba_000000000000000000000000025','20180101000000000','USING','20180101000000000_t_sys_comp_000000000000000000000000000_alibaba','A0000008B0000000C0000000D0000000E0000000F0000000G0000000H0000000','A0000008B0000001C0000000D0000000E0000000F0000000G0000000H0000000','产品组','产品组','研发中心 -> 产品组')
,('20180101000000000_t_sys_dept_alibaba_000000000000000000000000026','20180101000000000','USING','20180101000000000_t_sys_comp_000000000000000000000000000_alibaba','A0000008B0000000C0000000D0000000E0000000F0000000G0000000H0000000','A0000008B0000002C0000000D0000000E0000000F0000000G0000000H0000000','前台组','前台组','研发中心 -> 前台组')
,('20180101000000000_t_sys_dept_alibaba_000000000000000000000000027','20180101000000000','USING','20180101000000000_t_sys_comp_000000000000000000000000000_alibaba','A0000008B0000000C0000000D0000000E0000000F0000000G0000000H0000000','A0000008B0000003C0000000D0000000E0000000F0000000G0000000H0000000','后台组','后台组','研发中心 -> 后台组')
,('20180101000000000_t_sys_dept_alibaba_000000000000000000000000028','20180101000000000','USING','20180101000000000_t_sys_comp_000000000000000000000000000_alibaba','A0000008B0000000C0000000D0000000E0000000F0000000G0000000H0000000','A0000008B0000004C0000000D0000000E0000000F0000000G0000000H0000000','测试组','测试组','研发中心 -> 测试组')
,('20180101000000000_t_sys_dept_alibaba_000000000000000000000000029','20180101000000000','USING','20180101000000000_t_sys_comp_000000000000000000000000000_alibaba','A0000008B0000000C0000000D0000000E0000000F0000000G0000000H0000000','A0000008B0000005C0000000D0000000E0000000F0000000G0000000H0000000','实施组','实施组','研发中心 -> 实施组')
;

-- ALIBABA
INSERT INTO t_sys_employee (ID,INSERT_TIME,USING_STATUS,COMP_ID,BIRTHDAY,BIRTHPLACE,CELLPHONE,`DEGREE`,EDUCATION,EMAIL,ENTRY_DATE,GENDER,JOB_NUMBER,JOB_TITLE,LOGIN_ID,MARITAL_STATUS,NATION,PHOTO,USER_CARD,USER_NAME) VALUES 
 ('20180101000000000_t_sys_employee_alibaba_00000000000000000000001','20180101000000000','USING','20180101000000000_t_sys_comp_000000000000000000000000000_alibaba','1900-01-01',NULL,'18800000001','BS','DZ','test.ZJL@lichkin.com','2014-05-12','MALE','N0000001','ZJL',NULL,'SO','MAN',NULL,'000000190001010001','测试（总经理）')
,('20180101000000000_t_sys_employee_alibaba_00000000000000000000002','20180101000000000','USING','20180101000000000_t_sys_comp_000000000000000000000000000_alibaba','1900-01-01',NULL,'18800000002','XS','CZ','test.FZJL@lichkin.com','2014-05-12','MALE','N0000002','FZJL',NULL,'YH','HASAKE',NULL,'000000190001010002','测试（副总经理）')
,('20180101000000000_t_sys_employee_alibaba_00000000000000000000003','20180101000000000','USING','20180101000000000_t_sys_comp_000000000000000000000000000_alibaba','1900-01-01',NULL,'18800000003','SS','CZ','test.CWJL@lichkin.com','2014-05-12','FEMALE','N0000003','CWJL',NULL,'YH','KEERKEZI',NULL,'000000190001010003','测试（财务经理）')
,('20180101000000000_t_sys_employee_alibaba_00000000000000000000004','20180101000000000','USING','20180101000000000_t_sys_comp_000000000000000000000000000_alibaba','1900-01-01',NULL,'18800000004','XS','SSYJS','test.CWZY@lichkin.com','2014-05-12','FEMALE','N0000004','CWZY',NULL,'SO','ZHUANG',NULL,'000000190001010004','测试（财务专员）')
,('20180101000000000_t_sys_employee_alibaba_00000000000000000000005','20180101000000000','USING','20180101000000000_t_sys_comp_000000000000000000000000000_alibaba','1900-01-01',NULL,'18800000005','XS','BSYJS','test.RSJL@lichkin.com','2014-05-12','MALE','N0000005','RSJL',NULL,'SO','MULAO',NULL,'000000190001010005','测试（人事经理）')
,('20180101000000000_t_sys_employee_alibaba_00000000000000000000006','20180101000000000','USING','20180101000000000_t_sys_comp_000000000000000000000000000_alibaba','1900-01-01',NULL,'18800000006','SS','DX','test.RSZY@lichkin.com','2014-05-12','FEMALE','N0000006','RSZY',NULL,'LY','DULONG',NULL,'000000190001010006','测试（人事专员）')
,('20180101000000000_t_sys_employee_alibaba_00000000000000000000007','20180101000000000','USING','20180101000000000_t_sys_comp_000000000000000000000000000_alibaba','1900-01-01',NULL,'18800000007','SS','GZ','test.XZJL@lichkin.com','2014-05-12','MALE','N0000007','XZJL',NULL,'YH','DEANG',NULL,'000000190001010007','测试（行政经理）')
,('20180101000000000_t_sys_employee_alibaba_00000000000000000000008','20180101000000000','USING','20180101000000000_t_sys_comp_000000000000000000000000000_alibaba','1900-01-01',NULL,'18800000008','BS','CZ','test.XZZY@lichkin.com','2014-05-12','FEMALE','N0000008','XZZY',NULL,'SO','JINGPO',NULL,'000000190001010008','测试（行政专员）')
,('20180101000000000_t_sys_employee_alibaba_00000000000000000000009','20180101000000000','USING','20180101000000000_t_sys_comp_000000000000000000000000000_alibaba','1900-01-01',NULL,'18800000009','SS','DX','test.SCJL@lichkin.com','2014-05-12','FEMALE','N0000009','SCJL',NULL,'SO','YAO',NULL,'000000190001010009','测试（生产经理）')
,('20180101000000000_t_sys_employee_alibaba_00000000000000000000010','20180101000000000','USING','20180101000000000_t_sys_comp_000000000000000000000000000_alibaba','1900-01-01',NULL,'18800000010','BS','CZ','test.SCFJL@lichkin.com','2014-05-12','FEMALE','N0000010','SCFJL',NULL,'WH','TAJIKE',NULL,'000000190001010010','测试（生产副经理）')
,('20180101000000000_t_sys_employee_alibaba_00000000000000000000011','20180101000000000','USING','20180101000000000_t_sys_comp_000000000000000000000000000_alibaba','1900-01-01',NULL,'18800000011','XS','ZZ','test.YFY@lichkin.com','2014-05-12','FEMALE','N0000011','YFY',NULL,'YH','MENBA',NULL,'000000190001010011','测试（研发员）')
,('20180101000000000_t_sys_employee_alibaba_00000000000000000000012','20180101000000000','USING','20180101000000000_t_sys_comp_000000000000000000000000000_alibaba','1900-01-01',NULL,'18800000012','BS','SSYJS','test.SCJHY@lichkin.com','2014-05-12','FEMALE','N0000012','SCJHY',NULL,'LY','JING',NULL,'000000190001010012','测试（生产计划员）')
,('20180101000000000_t_sys_employee_alibaba_00000000000000000000013','20180101000000000','USING','20180101000000000_t_sys_comp_000000000000000000000000000_alibaba','1900-01-01',NULL,'18800000013','BS','ZZ','test.SBZZY@lichkin.com','2014-05-12','MALE','N0000013','SBZZY',NULL,'WH','KEERKEZI',NULL,'000000190001010013','测试（设备制造员）')
,('20180101000000000_t_sys_employee_alibaba_00000000000000000000014','20180101000000000','USING','20180101000000000_t_sys_comp_000000000000000000000000000_alibaba','1900-01-01',NULL,'18800000014','BS','CZ','test.SBGLY@lichkin.com','2014-05-12','FEMALE','N0000014','SBGLY',NULL,'YH','HAN',NULL,'000000190001010014','测试（设备管理员）')
,('20180101000000000_t_sys_employee_alibaba_00000000000000000000015','20180101000000000','USING','20180101000000000_t_sys_comp_000000000000000000000000000_alibaba','1900-01-01',NULL,'18800000015','SS','DZ','test.GCAZY@lichkin.com','2014-05-12','MALE','N0000015','GCAZY',NULL,'YH','BUYI',NULL,'000000190001010015','测试（工程安装员）')
,('20180101000000000_t_sys_employee_alibaba_00000000000000000000016','20180101000000000','USING','20180101000000000_t_sys_comp_000000000000000000000000000_alibaba','1900-01-01',NULL,'18800000016','BS','ZZ','test.ZLGLY@lichkin.com','2014-05-12','FEMALE','N0000016','ZLGLY',NULL,'YH','GELAO',NULL,'000000190001010016','测试（质量管理员）')
,('20180101000000000_t_sys_employee_alibaba_00000000000000000000017','20180101000000000','USING','20180101000000000_t_sys_comp_000000000000000000000000000_alibaba','1900-01-01',NULL,'18800000017','BS','XX','test.GCKZY@lichkin.com','2014-05-12','FEMALE','N0000017','GCKZY',NULL,'SO','YUGU',NULL,'000000190001010017','测试（过程控制员）')
,('20180101000000000_t_sys_employee_alibaba_00000000000000000000018','20180101000000000','USING','20180101000000000_t_sys_comp_000000000000000000000000000_alibaba','1900-01-01',NULL,'18800000018','XS','XX','test.CGY@lichkin.com','2014-05-12','MALE','N0000018','CGY',NULL,'SO','SHE',NULL,'000000190001010018','测试（采购员）')
,('20180101000000000_t_sys_employee_alibaba_00000000000000000000019','20180101000000000','USING','20180101000000000_t_sys_comp_000000000000000000000000000_alibaba','1900-01-01',NULL,'18800000019','BS','XX','test.CKGLY@lichkin.com','2014-05-12','FEMALE','N0000019','CKGLY',NULL,'SO','SALA',NULL,'000000190001010019','测试（仓库管理员）')
,('20180101000000000_t_sys_employee_alibaba_00000000000000000000020','20180101000000000','USING','20180101000000000_t_sys_comp_000000000000000000000000000_alibaba','1900-01-01',NULL,'18800000020','BS','SSYJS','test.BA@lichkin.com','2014-05-12','FEMALE','N0000020','BA',NULL,'LY','WEIWUER',NULL,'000000190001010020','测试（保安）')
,('20180101000000000_t_sys_employee_alibaba_00000000000000000000021','20180101000000000','USING','20180101000000000_t_sys_comp_000000000000000000000000000_alibaba','1900-01-01',NULL,'18800000021','BS','DZ','test.SQKFZY@lichkin.com','2014-05-12','FEMALE','N0000021','SQKFZY',NULL,'SO','TAJIKE',NULL,'000000190001010021','测试（售前客服专员）')
,('20180101000000000_t_sys_employee_alibaba_00000000000000000000022','20180101000000000','USING','20180101000000000_t_sys_comp_000000000000000000000000000_alibaba','1900-01-01',NULL,'18800000022','BS','DZ','test.SHKFZY@lichkin.com','2014-05-12','FEMALE','N0000022','SHKFZY',NULL,'LY','HASAKE',NULL,'000000190001010022','测试（售后客服专员）')
,('20180101000000000_t_sys_employee_alibaba_00000000000000000000023','20180101000000000','USING','20180101000000000_t_sys_comp_000000000000000000000000000_alibaba','1900-01-01',NULL,'18800000023','XS','XX','test.XSZJ@lichkin.com','2014-05-12','MALE','N0000023','XSZJ',NULL,'SO','WEIWUER',NULL,'000000190001010023','测试（销售总监）')
,('20180101000000000_t_sys_employee_alibaba_00000000000000000000024','20180101000000000','USING','20180101000000000_t_sys_comp_000000000000000000000000000_alibaba','1900-01-01',NULL,'18800000024','BS','BSYJS','test.XSJL@lichkin.com','2014-05-12','FEMALE','N0000024','XSJL',NULL,'SO','TAJIKE',NULL,'000000190001010024','测试（销售经理）')
,('20180101000000000_t_sys_employee_alibaba_00000000000000000000025','20180101000000000','USING','20180101000000000_t_sys_comp_000000000000000000000000000_alibaba','1900-01-01',NULL,'18800000025','BS','SSYJS','test.XSZY@lichkin.com','2014-05-12','MALE','N0000025','XSZY',NULL,'LY','ZANG',NULL,'000000190001010025','测试（销售专员）')
,('20180101000000000_t_sys_employee_alibaba_00000000000000000000026','20180101000000000','USING','20180101000000000_t_sys_comp_000000000000000000000000000_alibaba','1900-01-01',NULL,'18800000026','XS','GZ','test.XCY@lichkin.com','2014-05-12','FEMALE','N0000026','XCY',NULL,'LY','YUGU',NULL,'000000190001010026','测试（宣传员）')
,('20180101000000000_t_sys_employee_alibaba_00000000000000000000027','20180101000000000','USING','20180101000000000_t_sys_comp_000000000000000000000000000_alibaba','1900-01-01',NULL,'18800000027','BS','DX','test.JSY@lichkin.com','2014-05-12','FEMALE','N0000027','JSY',NULL,'WH','HASAKE',NULL,'000000190001010027','测试（技术员）')
,('20180101000000000_t_sys_employee_alibaba_00000000000000000000028','20180101000000000','USING','20180101000000000_t_sys_comp_000000000000000000000000000_alibaba','1900-01-01',NULL,'18800000028','SS','CZ','test.CPJL@lichkin.com','2014-05-12','MALE','N0000028','CPJL',NULL,'YH','TUJIA',NULL,'000000190001010028','测试（产品经理）')
,('20180101000000000_t_sys_employee_alibaba_00000000000000000000029','20180101000000000','USING','20180101000000000_t_sys_comp_000000000000000000000000000_alibaba','1900-01-01',NULL,'18800000029','XS','SSYJS','test.CPZY@lichkin.com','2014-05-12','FEMALE','N0000029','CPZY',NULL,'SO','DEANG',NULL,'000000190001010029','测试（产品专员）')
,('20180101000000000_t_sys_employee_alibaba_00000000000000000000030','20180101000000000','USING','20180101000000000_t_sys_comp_000000000000000000000000000_alibaba','1900-01-01',NULL,'18800000030','BS','BSYJS','test.IOS@lichkin.com','2014-05-12','FEMALE','N0000030','IOS',NULL,'LY','EWENKE',NULL,'000000190001010030','测试（IOS工程师）')
,('20180101000000000_t_sys_employee_alibaba_00000000000000000000031','20180101000000000','USING','20180101000000000_t_sys_comp_000000000000000000000000000_alibaba','1900-01-01',NULL,'18800000031','SS','DZ','test.ANDROID@lichkin.com','2014-05-12','MALE','N0000031','ANDROID',NULL,'YH','HEZHE',NULL,'000000190001010031','测试（ANDROID工程师）')
,('20180101000000000_t_sys_employee_alibaba_00000000000000000000032','20180101000000000','USING','20180101000000000_t_sys_comp_000000000000000000000000000_alibaba','1900-01-01',NULL,'18800000032','SS','DZ','test.WEB@lichkin.com','2014-05-12','FEMALE','N0000032','WEB',NULL,'WH','ZHUANG',NULL,'000000190001010032','测试（页面工程师）')
,('20180101000000000_t_sys_employee_alibaba_00000000000000000000033','20180101000000000','USING','20180101000000000_t_sys_comp_000000000000000000000000000_alibaba','1900-01-01',NULL,'18800000033','SS','DX','test.JAVA@lichkin.com','2014-05-12','MALE','N0000033','JAVA',NULL,'LY','BAOAN',NULL,'000000190001010033','测试（JAVA工程师）')
,('20180101000000000_t_sys_employee_alibaba_00000000000000000000034','20180101000000000','USING','20180101000000000_t_sys_comp_000000000000000000000000000_alibaba','1900-01-01',NULL,'18800000034','SS','DZ','test.UI@lichkin.com','2014-05-12','FEMALE','N0000034','UI',NULL,'SO','WUZIBIEKE',NULL,'000000190001010034','测试（UI工程师）')
,('20180101000000000_t_sys_employee_alibaba_00000000000000000000035','20180101000000000','USING','20180101000000000_t_sys_comp_000000000000000000000000000_alibaba','1900-01-01',NULL,'18800000035','XS','CZ','test.CSGCS@lichkin.com','2014-05-12','MALE','N0000035','CSGCS',NULL,'WH','BUYI',NULL,'000000190001010035','测试（测试工程师）')
,('20180101000000000_t_sys_employee_alibaba_00000000000000000000036','20180101000000000','USING','20180101000000000_t_sys_comp_000000000000000000000000000_alibaba','1900-01-01',NULL,'18800000036','XS','XX','test.SSGCS@lichkin.com','2014-05-12','FEMALE','N0000036','SSGCS',NULL,'SO','BAI',NULL,'000000190001010036','测试（实施工程师）')
;

-- ALIBABA
INSERT INTO t_sys_employee_dept (ID,EMPLOYEE_ID,DEPT_ID) VALUES 
 ('20180101000000000_t_sys_employee_dept_alibaba_000000000000000001','20180101000000000_t_sys_employee_alibaba_00000000000000000000001','20180101000000000_t_sys_dept_alibaba_000000000000000000000000001')
,('20180101000000000_t_sys_employee_dept_alibaba_000000000000000002','20180101000000000_t_sys_employee_alibaba_00000000000000000000002','20180101000000000_t_sys_dept_alibaba_000000000000000000000000001')
,('20180101000000000_t_sys_employee_dept_alibaba_000000000000000003','20180101000000000_t_sys_employee_alibaba_00000000000000000000003','20180101000000000_t_sys_dept_alibaba_000000000000000000000000002')
,('20180101000000000_t_sys_employee_dept_alibaba_000000000000000004','20180101000000000_t_sys_employee_alibaba_00000000000000000000004','20180101000000000_t_sys_dept_alibaba_000000000000000000000000002')
,('20180101000000000_t_sys_employee_dept_alibaba_000000000000000005','20180101000000000_t_sys_employee_alibaba_00000000000000000000005','20180101000000000_t_sys_dept_alibaba_000000000000000000000000003')
,('20180101000000000_t_sys_employee_dept_alibaba_000000000000000006','20180101000000000_t_sys_employee_alibaba_00000000000000000000006','20180101000000000_t_sys_dept_alibaba_000000000000000000000000003')
,('20180101000000000_t_sys_employee_dept_alibaba_000000000000000007','20180101000000000_t_sys_employee_alibaba_00000000000000000000007','20180101000000000_t_sys_dept_alibaba_000000000000000000000000004')
,('20180101000000000_t_sys_employee_dept_alibaba_000000000000000008','20180101000000000_t_sys_employee_alibaba_00000000000000000000008','20180101000000000_t_sys_dept_alibaba_000000000000000000000000004')
,('20180101000000000_t_sys_employee_dept_alibaba_000000000000000009','20180101000000000_t_sys_employee_alibaba_00000000000000000000009','20180101000000000_t_sys_dept_alibaba_000000000000000000000000010')
,('20180101000000000_t_sys_employee_dept_alibaba_000000000000000010','20180101000000000_t_sys_employee_alibaba_00000000000000000000010','20180101000000000_t_sys_dept_alibaba_000000000000000000000000010')
,('20180101000000000_t_sys_employee_dept_alibaba_000000000000000011','20180101000000000_t_sys_employee_alibaba_00000000000000000000011','20180101000000000_t_sys_dept_alibaba_000000000000000000000000011')
,('20180101000000000_t_sys_employee_dept_alibaba_000000000000000012','20180101000000000_t_sys_employee_alibaba_00000000000000000000012','20180101000000000_t_sys_dept_alibaba_000000000000000000000000012')
,('20180101000000000_t_sys_employee_dept_alibaba_000000000000000013','20180101000000000_t_sys_employee_alibaba_00000000000000000000013','20180101000000000_t_sys_dept_alibaba_000000000000000000000000013')
,('20180101000000000_t_sys_employee_dept_alibaba_000000000000000014','20180101000000000_t_sys_employee_alibaba_00000000000000000000014','20180101000000000_t_sys_dept_alibaba_000000000000000000000000014')
,('20180101000000000_t_sys_employee_dept_alibaba_000000000000000015','20180101000000000_t_sys_employee_alibaba_00000000000000000000015','20180101000000000_t_sys_dept_alibaba_000000000000000000000000015')
,('20180101000000000_t_sys_employee_dept_alibaba_000000000000000016','20180101000000000_t_sys_employee_alibaba_00000000000000000000016','20180101000000000_t_sys_dept_alibaba_000000000000000000000000016')
,('20180101000000000_t_sys_employee_dept_alibaba_000000000000000017','20180101000000000_t_sys_employee_alibaba_00000000000000000000017','20180101000000000_t_sys_dept_alibaba_000000000000000000000000017')
,('20180101000000000_t_sys_employee_dept_alibaba_000000000000000018','20180101000000000_t_sys_employee_alibaba_00000000000000000000018','20180101000000000_t_sys_dept_alibaba_000000000000000000000000008')
,('20180101000000000_t_sys_employee_dept_alibaba_000000000000000019','20180101000000000_t_sys_employee_alibaba_00000000000000000000019','20180101000000000_t_sys_dept_alibaba_000000000000000000000000009')
,('20180101000000000_t_sys_employee_dept_alibaba_000000000000000020','20180101000000000_t_sys_employee_alibaba_00000000000000000000020','20180101000000000_t_sys_dept_alibaba_000000000000000000000000007')
,('20180101000000000_t_sys_employee_dept_alibaba_000000000000000021','20180101000000000_t_sys_employee_alibaba_00000000000000000000021','20180101000000000_t_sys_dept_alibaba_000000000000000000000000019')
,('20180101000000000_t_sys_employee_dept_alibaba_000000000000000022','20180101000000000_t_sys_employee_alibaba_00000000000000000000022','20180101000000000_t_sys_dept_alibaba_000000000000000000000000020')
,('20180101000000000_t_sys_employee_dept_alibaba_000000000000000023','20180101000000000_t_sys_employee_alibaba_00000000000000000000023','20180101000000000_t_sys_dept_alibaba_000000000000000000000000021')
,('20180101000000000_t_sys_employee_dept_alibaba_000000000000000024','20180101000000000_t_sys_employee_alibaba_00000000000000000000024','20180101000000000_t_sys_dept_alibaba_000000000000000000000000021')
,('20180101000000000_t_sys_employee_dept_alibaba_000000000000000025','20180101000000000_t_sys_employee_alibaba_00000000000000000000025','20180101000000000_t_sys_dept_alibaba_000000000000000000000000021')
,('20180101000000000_t_sys_employee_dept_alibaba_000000000000000026','20180101000000000_t_sys_employee_alibaba_00000000000000000000026','20180101000000000_t_sys_dept_alibaba_000000000000000000000000022')
,('20180101000000000_t_sys_employee_dept_alibaba_000000000000000027','20180101000000000_t_sys_employee_alibaba_00000000000000000000027','20180101000000000_t_sys_dept_alibaba_000000000000000000000000023')
,('20180101000000000_t_sys_employee_dept_alibaba_000000000000000028','20180101000000000_t_sys_employee_alibaba_00000000000000000000028','20180101000000000_t_sys_dept_alibaba_000000000000000000000000025')
,('20180101000000000_t_sys_employee_dept_alibaba_000000000000000029','20180101000000000_t_sys_employee_alibaba_00000000000000000000029','20180101000000000_t_sys_dept_alibaba_000000000000000000000000025')
,('20180101000000000_t_sys_employee_dept_alibaba_000000000000000030','20180101000000000_t_sys_employee_alibaba_00000000000000000000030','20180101000000000_t_sys_dept_alibaba_000000000000000000000000026')
,('20180101000000000_t_sys_employee_dept_alibaba_000000000000000031','20180101000000000_t_sys_employee_alibaba_00000000000000000000031','20180101000000000_t_sys_dept_alibaba_000000000000000000000000026')
,('20180101000000000_t_sys_employee_dept_alibaba_000000000000000032','20180101000000000_t_sys_employee_alibaba_00000000000000000000032','20180101000000000_t_sys_dept_alibaba_000000000000000000000000026')
,('20180101000000000_t_sys_employee_dept_alibaba_000000000000000033','20180101000000000_t_sys_employee_alibaba_00000000000000000000033','20180101000000000_t_sys_dept_alibaba_000000000000000000000000027')
,('20180101000000000_t_sys_employee_dept_alibaba_000000000000000034','20180101000000000_t_sys_employee_alibaba_00000000000000000000034','20180101000000000_t_sys_dept_alibaba_000000000000000000000000026')
,('20180101000000000_t_sys_employee_dept_alibaba_000000000000000035','20180101000000000_t_sys_employee_alibaba_00000000000000000000035','20180101000000000_t_sys_dept_alibaba_000000000000000000000000028')
,('20180101000000000_t_sys_employee_dept_alibaba_000000000000000036','20180101000000000_t_sys_employee_alibaba_00000000000000000000036','20180101000000000_t_sys_dept_alibaba_000000000000000000000000029')
;
